--liquibase formatted sql
--changeset Dastan:disable_user
UPDATE public.users SET enabled = false WHERE id = 1;
UPDATE public.users SET enabled = false WHERE id = 2;
UPDATE public.users SET enabled = false WHERE id = 3;
UPDATE public.users SET enabled = false WHERE id = 4;
UPDATE public.users SET enabled = false WHERE id = 5;
UPDATE public.users SET enabled = false WHERE id = 6;
UPDATE public.users SET enabled = false WHERE id = 7;

--liquibase formatted sql
--changeset Dastan:fix_mistake_in_names
UPDATE public.users SET tg_link = 't.me/d_kurenkiev', email = 'd.kurenkiev@ex.com' WHERE id = 11;
UPDATE public.users SET tg_link = 't.me/n_beishekeev', email = 'n.beishekeev@ex.com' WHERE id = 13;

--liquibase formatted sql
--changeset Dastan:insert_managers
insert into public.managers (id, name, surname, phone_number, uuid)
values  (5, 'Леонид', 'Фиалковский', '79500127185', '12c4e9c402d2bbdf11ed31116475d272'),
        (6, 'Екатерина', 'Калимулина', '79852234949', 'e289773f7998849311ed787e630b3a66'),
        (7, 'Анжела', 'Чертова', '79500193027', '000d3a22fa54a81611eaf35aa173b8b6'),
        (8, 'София', 'Голубева', '79992273501', '726e68fb1e82852b11edf939464db706'),
        (9, 'Зайниддин', 'Лутфуллаев', '79654108498', 'd28bed6ca44b974a11eeccfe7a3c5bbc'),
        (10, 'Константин', 'Паламарчук', '79011764644', '000d3abf84c3bb2e11ec5df61de98063'),
        (11, 'Ландиш', 'Ямаев', '79152282136', '000d3abf84c3bb3011ecab407dc42f0c'),
        (12, 'Мээрим', 'Кабылбекова', '79015567912', 'f25ed8b15e6cb0b611ed2f76e1dea7d9'),
        (13, 'Анна', 'Кочергина', '79104239466', '36a015b99f39ad6711edcd585c7ab116'),
        (14, 'Александр', 'Балашкин', '79096387265', '56f98a6cc2b0b7af11edbcd743c94bad'),
        (15, 'Анна', 'Клёнова', '79190546759', '228d0552b617a0a911ee800584ce0df4'),
        (16, 'Максим', 'Семенов', '79876731840', 'd622e1e020c4b91c11ee3b7633d1199f'),
        (17, 'Юлия', 'Щербатых', '79778699108', '8e1014d16f108a1911ee7bf3de98802b'),
        (18, 'Бахтиёр', 'Азизов', '79162440237', '26a0183dd6cda0dd11ee887766eb48f9');

--liquibase formatted sql
--changeset Dastan:insert_work_schedules
insert into public.work_schedules (id, manager_id, pizzeria_id, start_time, end_time)
values  (29, 5, 28, '2024-08-19 08:00:00.000000', '2024-08-19 20:00:00.000000'),
        (30, 6, 28, '2024-08-19 16:00:00.000000', '2024-08-19 23:00:00.000000'),
        (31, 5, 28, '2024-08-20 08:00:00.000000', '2024-08-20 19:00:00.000000'),
        (32, 5, 28, '2024-08-21 08:00:00.000000', '2024-08-21 18:00:00.000000'),
        (33, 7, 28, '2024-08-21 18:00:00.000000', '2024-08-21 23:00:00.000000'),
        (34, 5, 28, '2024-08-22 08:00:00.000000', '2024-08-22 13:00:00.000000'),
        (35, 6, 28, '2024-08-22 13:00:00.000000', '2024-08-22 23:00:00.000000'),
        (36, 5, 28, '2024-08-23 08:00:00.000000', '2024-08-23 20:00:00.000000'),
        (37, 6, 28, '2024-08-23 16:00:00.000000', '2024-08-23 23:00:00.000000'),
        (38, 5, 28, '2024-08-24 09:00:00.000000', '2024-08-24 14:00:00.000000'),
        (39, 6, 28, '2024-08-24 14:00:00.000000', '2024-08-24 23:00:00.000000'),
        (40, 8, 28, '2024-08-25 09:00:00.000000', '2024-08-25 20:00:00.000000'),
        (41, 6, 28, '2024-08-25 16:00:00.000000', '2024-08-25 23:00:00.000000'),
        (42, 9, 32, '2024-08-19 09:30:00.000000', '2024-08-20 00:00:00.000000'),
        (43, 10, 32, '2024-08-20 09:30:00.000000', '2024-08-20 16:30:00.000000'),
        (44, 11, 32, '2024-08-20 16:30:00.000000', '2024-08-21 00:00:00.000000'),
        (45, 10, 32, '2024-08-21 09:30:00.000000', '2024-08-21 16:15:00.000000'),
        (46, 11, 32, '2024-08-21 17:30:00.000000', '2024-08-22 00:00:00.000000'),
        (47, 9, 32, '2024-08-23 09:30:00.000000', '2024-08-24 02:00:00.000000'),
        (48, 10, 32, '2024-08-24 09:30:00.000000', '2024-08-25 02:00:00.000000'),
        (49, 9, 32, '2024-08-25 09:30:00.000000', '2024-08-26 00:00:00.000000'),
        (50, 12, 6, '2024-08-19 09:00:00.000000', '2024-08-19 16:00:00.000000'),
        (51, 13, 6, '2024-08-19 16:00:00.000000', '2024-08-19 23:30:00.000000'),
        (52, 13, 6, '2024-08-20 09:00:00.000000', '2024-08-20 16:00:00.000000'),
        (53, 12, 6, '2024-08-20 16:00:00.000000', '2024-08-20 23:30:00.000000'),
        (54, 13, 6, '2024-08-21 09:00:00.000000', '2024-08-21 16:00:00.000000'),
        (55, 12, 6, '2024-08-21 16:00:00.000000', '2024-08-21 23:30:00.000000'),
        (56, 14, 6, '2024-08-22 09:00:00.000000', '2024-08-22 16:00:00.000000'),
        (57, 12, 6, '2024-08-22 16:00:00.000000', '2024-08-22 23:30:00.000000'),
        (58, 12, 6, '2024-08-23 09:00:00.000000', '2024-08-23 16:00:00.000000'),
        (59, 13, 6, '2024-08-23 16:00:00.000000', '2024-08-23 23:30:00.000000'),
        (60, 13, 6, '2024-08-24 09:00:00.000000', '2024-08-24 16:00:00.000000'),
        (61, 12, 6, '2024-08-24 16:00:00.000000', '2024-08-24 23:30:00.000000'),
        (62, 12, 6, '2024-08-25 09:00:00.000000', '2024-08-25 16:00:00.000000'),
        (63, 13, 6, '2024-08-25 16:00:00.000000', '2024-08-25 23:30:00.000000'),
        (64, 15, 9, '2024-08-19 09:30:00.000000', '2024-08-19 16:30:00.000000'),
        (65, 16, 9, '2024-08-19 16:30:00.000000', '2024-08-19 23:30:00.000000'),
        (66, 17, 9, '2024-08-20 09:30:00.000000', '2024-08-20 16:30:00.000000'),
        (67, 18, 9, '2024-08-20 16:30:00.000000', '2024-08-20 23:30:00.000000'),
        (68, 17, 9, '2024-08-21 09:30:00.000000', '2024-08-21 16:30:00.000000'),
        (69, 15, 9, '2024-08-21 16:30:00.000000', '2024-08-21 23:30:00.000000'),
        (70, 15, 9, '2024-08-22 09:30:00.000000', '2024-08-22 16:30:00.000000'),
        (71, 16, 9, '2024-08-22 16:30:00.000000', '2024-08-22 23:30:00.000000'),
        (72, 17, 9, '2024-08-23 09:30:00.000000', '2024-08-23 17:30:00.000000'),
        (73, 16, 9, '2024-08-23 17:30:00.000000', '2024-08-23 23:30:00.000000'),
        (74, 15, 9, '2024-08-24 09:30:00.000000', '2024-08-24 16:30:00.000000'),
        (75, 16, 9, '2024-08-24 16:30:00.000000', '2024-08-24 23:30:00.000000'),
        (76, 15, 9, '2024-08-25 09:30:00.000000', '2024-08-25 16:30:00.000000'),
        (77, 16, 9, '2024-08-25 16:30:00.000000', '2024-08-25 23:30:00.000000');

--liquibase formatted sql
--changeset Dastan:insert_cheklists
insert into public.check_lists (id, status, work_schedule_id, uuid_link, feedback, duration, expert_id, end_time, type_id, deleted)
values  (14, 'DONE', 40, 'd10e35dc-30d0-4d64-9cb3-25f419d6dc0c', null, null, 10, '2024-08-19 16:48:34.947440', 1, false),
        (15, 'DONE', 43, '883e60d6-61a6-4977-a0d8-2d272ea5cd18', null, null, 10, '2024-08-19 16:35:17.613436', 1, true),
        (16, 'DONE', 45, 'd2e0b80a-34ea-4540-9e71-7a5e619c0557', null, null, 10, '2024-08-19 16:47:38.512150', 2, false),
        (17, 'NEW', 56, '6df2debc-978f-42c7-b059-d7a168f452f2', null, null, 10, null, 2, false),
        (18, 'IN_PROGRESS', 50, '2d3be109-2f4f-4f2a-b398-c3279d41df9f', null, null, 10, null, 1, false),
        (19, 'IN_PROGRESS', 53, 'f73ccfbe-fc7d-46e5-9377-0abc40f21481', null, null, 10, null, 2, false),
        (20, 'DONE', 55, '3c2a58fe-7628-479c-b220-884f1b7692b1', null, null, 11, '2024-08-19 16:53:42.857752', 4, true),
        (21, 'NEW', 58, '7b4b7896-b1a6-4f4e-bf59-64d0fef2d190', null, null, 10, null, 4, true),
        (22, 'DONE', 62, '79866e50-d368-4ab4-be5d-a44ffaa51390', null, null, 10, '2024-08-19 16:49:58.028505', 4, false),
        (23, 'IN_PROGRESS', 51, '9358d6dd-128c-415e-af47-676afe3aae6f', null, null, 12, null, 2, false),
        (24, 'IN_PROGRESS', 52, '727283fe-47a0-4553-8b94-2c8a492e36d3', null, null, 10, null, 2, false),
        (25, 'NEW', 59, '26074c24-08ef-400c-96c2-884af5338f22', null, null, 10, null, 1, true),
        (26, 'DONE', 60, '4bb3df8e-d216-42e1-b4a9-16e1196a9d92', null, null, 13, '2024-08-19 16:52:27.285857', 2, false),
        (27, 'NEW', 69, 'b798a72b-83bf-44eb-82ef-6a5efef19e32', null, null, 13, null, 4, true),
        (28, 'IN_PROGRESS', 74, '87f8db64-ea78-4c64-a01b-27a0118069e8', null, null, 13, null, 1, false),
        (29, 'IN_PROGRESS', 76, '0a8b24e3-fb91-4f01-ab12-b5463ad90f38', null, null, 11, null, 2, false),
        (30, 'NEW', 65, '4f9650dd-6edf-40d0-b752-a976cfcf399e', null, null, 10, null, 3, false),
        (31, 'NEW', 71, '5fac09a7-8dd3-4258-b10d-4f16f9c10e36', null, null, 12, null, 3, false),
        (32, 'DONE', 73, '478c2699-0df6-416f-8147-1971bbedac5f', null, null, 11, '2024-08-19 16:53:59.984496', 4, false),
        (33, 'NEW', 75, '228bec93-9fe5-4346-ba50-ddae508e4b22', null, null, 13, null, 1, false),
        (34, 'NEW', 77, 'a6ee9e2c-d256-4526-8d13-f4795af5d68b', null, null, 10, null, 3, false),
        (35, 'NEW', 66, 'fd574fe2-d9df-43b2-bddf-83448b8e835a', null, null, 11, null, 2, false),
        (36, 'DONE', 68, '4e3a1fab-290e-417a-ae09-ec109dab4952', null, null, 12, '2024-08-19 16:51:33.125350', 4, false),
        (37, 'DONE', 72, '1a17bc17-8401-42bf-8dc6-1296699f9da1', null, null, 13, '2024-08-19 16:52:55.815064', 1, false);

--liquibase formatted sql
--changeset Dastan:insert_cheklists_criteria
insert into public.check_lists_criteria (id, criteria_id, checklist_id, value, max_value)
values  (121, 1, 14, 2, 2),
        (122, 2, 14, -2, 2),
        (123, 3, 14, -2, 2),
        (124, 4, 14, 2, 4),
        (125, 5, 14, 2, 2),
        (126, 6, 14, 1, 4),
        (127, 7, 14, 0, 1),
        (128, 8, 14, 1, 1),
        (129, 9, 14, 1, 1),
        (130, 10, 14, 1, 1),
        (131, 11, 14, 3, 3),
        (132, 12, 14, 2, 2),
        (133, 13, 14, 2, 2),
        (134, 14, 14, 2, 2),
        (135, 15, 14, 4, 4),
        (136, 16, 14, 0, 2),
        (137, 17, 14, 0, 2),
        (138, 18, 14, 0, 2),
        (139, 19, 14, -1, 1),
        (140, 20, 14, 6, 6),
        (141, 21, 14, 0, 3),
        (142, 23, 14, 3, 3),
        (143, 24, 14, 0, 2),
        (144, 25, 14, 2, 2),
        (145, 26, 14, 3, 3),
        (146, 27, 14, 1, 1),
        (147, 28, 14, 1, 1),
        (148, 29, 14, -1, 1),
        (149, 1, 15, 0, 2),
        (150, 2, 15, 0, 2),
        (151, 3, 15, 2, 2),
        (152, 4, 15, 0, 4),
        (153, 5, 15, 0, 2),
        (154, 6, 15, 0, 4),
        (155, 7, 15, 0, 1),
        (156, 8, 15, 0, 1),
        (157, 9, 15, 0, 1),
        (158, 10, 15, 0, 1),
        (159, 11, 15, 0, 3),
        (160, 12, 15, 0, 2),
        (161, 13, 15, 0, 2),
        (162, 14, 15, 0, 2),
        (163, 15, 15, 0, 4),
        (164, 16, 15, 0, 2),
        (165, 17, 15, 0, 2),
        (166, 18, 15, 0, 2),
        (167, 19, 15, 0, 1),
        (168, 20, 15, 0, 6),
        (169, 21, 15, 0, 3),
        (170, 23, 15, 0, 3),
        (171, 24, 15, 2, 2),
        (172, 25, 15, 0, 2),
        (173, 26, 15, 0, 3),
        (174, 27, 15, 0, 1),
        (175, 28, 15, 0, 1),
        (176, 29, 15, 0, 1),
        (177, 1, 16, 1, 1),
        (178, 5, 16, 1, 1),
        (179, 6, 16, 1, 1),
        (180, 11, 16, 1, 1),
        (181, 20, 16, 0, 1),
        (182, 22, 16, 1, 1),
        (183, 24, 16, 0, 1),
        (184, 25, 16, 0, 1),
        (185, 28, 16, 1, 1),
        (186, 36, 16, 1, 1),
        (187, 37, 16, 1, 1),
        (188, 46, 16, 1, 1),
        (189, 48, 16, 1, 1),
        (190, 1, 17, 0, 1),
        (191, 5, 17, 0, 1),
        (192, 6, 17, 0, 1),
        (193, 11, 17, 0, 1),
        (194, 20, 17, 0, 1),
        (195, 22, 17, 0, 1),
        (196, 24, 17, 0, 1),
        (197, 25, 17, 0, 1),
        (198, 28, 17, 0, 1),
        (199, 36, 17, 0, 1),
        (200, 37, 17, 0, 1),
        (201, 46, 17, 0, 1),
        (202, 48, 17, 0, 1),
        (203, 1, 18, 0, 2),
        (204, 2, 18, 0, 2),
        (205, 3, 18, 0, 2),
        (206, 4, 18, 0, 4),
        (207, 5, 18, 0, 2),
        (208, 6, 18, 0, 4),
        (209, 7, 18, 0, 1),
        (210, 8, 18, 0, 1),
        (211, 9, 18, 0, 1),
        (212, 10, 18, 0, 1),
        (213, 11, 18, 0, 3),
        (214, 12, 18, 0, 2),
        (215, 13, 18, 0, 2),
        (216, 14, 18, 0, 2),
        (217, 15, 18, 0, 4),
        (218, 16, 18, 0, 2),
        (219, 17, 18, 0, 2),
        (220, 18, 18, 0, 2),
        (221, 19, 18, 0, 1),
        (222, 20, 18, 0, 6),
        (223, 21, 18, 0, 3),
        (224, 23, 18, 0, 3),
        (225, 24, 18, 0, 2),
        (226, 25, 18, 2, 2),
        (227, 26, 18, 0, 3),
        (228, 27, 18, 0, 1),
        (229, 28, 18, 0, 1),
        (230, 29, 18, 0, 1),
        (231, 1, 19, 0, 1),
        (232, 5, 19, 0, 1),
        (233, 6, 19, 0, 1),
        (234, 11, 19, 0, 1),
        (235, 20, 19, 0, 1),
        (236, 22, 19, 0, 1),
        (237, 24, 19, 0, 1),
        (238, 25, 19, 0, 1),
        (239, 28, 19, 0, 1),
        (240, 36, 19, 0, 1),
        (241, 37, 19, 0, 1),
        (242, 46, 19, 0, 1),
        (243, 48, 19, 0, 1),
        (244, 1, 20, -1, 1),
        (245, 2, 20, -1, 1),
        (246, 3, 20, -1, 1),
        (247, 5, 20, 0, 1),
        (248, 6, 20, -1, 1),
        (249, 8, 20, -1, 1),
        (250, 10, 20, 1, 1),
        (251, 11, 20, -1, 1),
        (252, 12, 20, -1, 1),
        (253, 25, 20, 0, 1),
        (254, 1, 21, 0, 1),
        (255, 2, 21, 0, 1),
        (256, 3, 21, 0, 1),
        (257, 5, 21, 0, 1),
        (258, 6, 21, 0, 1),
        (259, 8, 21, 0, 1),
        (260, 10, 21, 0, 1),
        (261, 11, 21, 0, 1),
        (262, 12, 21, 0, 1),
        (263, 25, 21, 0, 1),
        (264, 1, 22, 1, 1),
        (265, 2, 22, 1, 1),
        (266, 3, 22, 1, 1),
        (267, 5, 22, -1, 1),
        (268, 6, 22, 1, 1),
        (269, 8, 22, 0, 1),
        (270, 10, 22, 1, 1),
        (271, 11, 22, 0, 1),
        (272, 12, 22, 1, 1),
        (273, 25, 22, 1, 1),
        (274, 1, 23, 0, 1),
        (275, 5, 23, 0, 1),
        (276, 6, 23, 0, 1),
        (277, 11, 23, 0, 1),
        (278, 20, 23, 0, 1),
        (279, 22, 23, 0, 1),
        (280, 24, 23, 0, 1),
        (281, 25, 23, 0, 1),
        (282, 28, 23, 0, 1),
        (283, 36, 23, 0, 1),
        (284, 37, 23, 0, 1),
        (285, 46, 23, 0, 1),
        (286, 48, 23, 0, 1),
        (287, 1, 24, 0, 1),
        (288, 5, 24, 0, 1),
        (289, 6, 24, 0, 1),
        (290, 11, 24, 0, 1),
        (291, 20, 24, 0, 1),
        (292, 22, 24, 0, 1),
        (293, 24, 24, 0, 1),
        (294, 25, 24, 0, 1),
        (295, 28, 24, 0, 1),
        (296, 36, 24, 0, 1),
        (297, 37, 24, 0, 1),
        (298, 46, 24, 0, 1),
        (299, 48, 24, 0, 1),
        (300, 1, 25, 0, 2),
        (301, 2, 25, 0, 2),
        (302, 3, 25, 0, 2),
        (303, 4, 25, 0, 4),
        (304, 5, 25, 0, 2),
        (305, 6, 25, 0, 4),
        (306, 7, 25, 0, 1),
        (307, 8, 25, 0, 1),
        (308, 9, 25, 0, 1),
        (309, 10, 25, 0, 1),
        (310, 11, 25, 0, 3),
        (311, 12, 25, 0, 2),
        (312, 13, 25, 0, 2),
        (313, 14, 25, 0, 2),
        (314, 15, 25, 0, 4),
        (315, 16, 25, 0, 2),
        (316, 17, 25, 0, 2),
        (317, 18, 25, 0, 2),
        (318, 19, 25, 0, 1),
        (319, 20, 25, 0, 6),
        (320, 21, 25, 0, 3),
        (321, 23, 25, 0, 3),
        (322, 24, 25, 0, 2),
        (323, 25, 25, 0, 2),
        (324, 26, 25, 0, 3),
        (325, 27, 25, 0, 1),
        (326, 28, 25, 0, 1),
        (327, 29, 25, 0, 1),
        (328, 1, 26, 1, 1),
        (329, 5, 26, -4, 1),
        (330, 6, 26, 0, 1),
        (331, 11, 26, 1, 1),
        (332, 20, 26, 1, 1),
        (333, 22, 26, 1, 1),
        (334, 24, 26, 1, 1),
        (335, 25, 26, 1, 1),
        (336, 28, 26, 1, 1),
        (337, 36, 26, 1, 1),
        (338, 37, 26, 1, 1),
        (339, 46, 26, 1, 1),
        (340, 48, 26, 1, 1),
        (341, 1, 27, 0, 1),
        (342, 2, 27, 0, 1),
        (343, 3, 27, 0, 1),
        (344, 5, 27, 0, 1),
        (345, 6, 27, 0, 1),
        (346, 8, 27, 0, 1),
        (347, 10, 27, 0, 1),
        (348, 11, 27, 0, 1),
        (349, 12, 27, 0, 1),
        (350, 25, 27, 0, 1),
        (351, 1, 28, 0, 2),
        (352, 2, 28, 0, 2),
        (353, 3, 28, 0, 2),
        (354, 4, 28, 0, 4),
        (355, 5, 28, 0, 2),
        (356, 6, 28, 0, 4),
        (357, 7, 28, 0, 1),
        (358, 8, 28, 0, 1),
        (359, 9, 28, 0, 1),
        (360, 10, 28, 0, 1),
        (361, 11, 28, 0, 3),
        (362, 12, 28, 0, 2),
        (363, 13, 28, 0, 2),
        (364, 14, 28, 0, 2),
        (365, 15, 28, 0, 4),
        (366, 16, 28, 0, 2),
        (367, 17, 28, 0, 2),
        (368, 18, 28, 0, 2),
        (369, 19, 28, 0, 1),
        (370, 20, 28, 0, 6),
        (371, 21, 28, 0, 3),
        (372, 23, 28, 0, 3),
        (373, 24, 28, 0, 2),
        (374, 25, 28, 0, 2),
        (375, 26, 28, 0, 3),
        (376, 27, 28, 0, 1),
        (377, 28, 28, 0, 1),
        (378, 29, 28, 0, 1),
        (379, 1, 29, 0, 1),
        (380, 5, 29, 0, 1),
        (381, 6, 29, 0, 1),
        (382, 11, 29, 0, 1),
        (383, 20, 29, 0, 1),
        (384, 22, 29, 0, 1),
        (385, 24, 29, 0, 1),
        (386, 25, 29, 0, 1),
        (387, 28, 29, 0, 1),
        (388, 36, 29, 0, 1),
        (389, 37, 29, 0, 1),
        (390, 46, 29, 0, 1),
        (391, 48, 29, 0, 1),
        (392, 2, 30, 0, 1),
        (393, 3, 30, 0, 1),
        (394, 4, 30, 0, 1),
        (395, 5, 30, 0, 1),
        (396, 6, 30, 0, 1),
        (397, 7, 30, 0, 1),
        (398, 10, 30, 0, 1),
        (399, 11, 30, 0, 1),
        (400, 12, 30, 0, 1),
        (401, 13, 30, 0, 1),
        (402, 16, 30, 0, 1),
        (403, 17, 30, 0, 1),
        (404, 18, 30, 0, 1),
        (405, 19, 30, 0, 1),
        (406, 21, 30, 0, 1),
        (407, 2, 31, 0, 1),
        (408, 3, 31, 0, 1),
        (409, 4, 31, 0, 1),
        (410, 5, 31, 0, 1),
        (411, 6, 31, 0, 1),
        (412, 7, 31, 0, 1),
        (413, 10, 31, 0, 1),
        (414, 11, 31, 0, 1),
        (415, 12, 31, 0, 1),
        (416, 13, 31, 0, 1),
        (417, 16, 31, 0, 1),
        (418, 17, 31, 0, 1),
        (419, 18, 31, 0, 1),
        (420, 19, 31, 0, 1),
        (421, 21, 31, 0, 1),
        (422, 1, 32, -1, 1),
        (423, 2, 32, -1, 1),
        (424, 3, 32, 1, 1),
        (425, 5, 32, -1, 1),
        (426, 6, 32, -1, 1),
        (427, 8, 32, 0, 1),
        (428, 10, 32, 0, 1),
        (429, 11, 32, -1, 1),
        (430, 12, 32, -1, 1),
        (431, 25, 32, 0, 1),
        (432, 1, 33, 0, 2),
        (433, 2, 33, 0, 2),
        (434, 3, 33, 0, 2),
        (435, 4, 33, 0, 4),
        (436, 5, 33, 0, 2),
        (437, 6, 33, 0, 4),
        (438, 7, 33, 0, 1),
        (439, 8, 33, 0, 1),
        (440, 9, 33, 0, 1),
        (441, 10, 33, 0, 1),
        (442, 11, 33, 0, 3),
        (443, 12, 33, 0, 2),
        (444, 13, 33, 0, 2),
        (445, 14, 33, 0, 2),
        (446, 15, 33, 0, 4),
        (447, 16, 33, 0, 2),
        (448, 17, 33, 0, 2),
        (449, 18, 33, 0, 2),
        (450, 19, 33, 0, 1),
        (451, 20, 33, 0, 6),
        (452, 21, 33, 0, 3),
        (453, 23, 33, 0, 3),
        (454, 24, 33, 0, 2),
        (455, 25, 33, 0, 2),
        (456, 26, 33, 0, 3),
        (457, 27, 33, 0, 1),
        (458, 28, 33, 0, 1),
        (459, 29, 33, 0, 1),
        (460, 2, 34, 0, 1),
        (461, 3, 34, 0, 1),
        (462, 4, 34, 0, 1),
        (463, 5, 34, 0, 1),
        (464, 6, 34, 0, 1),
        (465, 7, 34, 0, 1),
        (466, 10, 34, 0, 1),
        (467, 11, 34, 0, 1),
        (468, 12, 34, 0, 1),
        (469, 13, 34, 0, 1),
        (470, 16, 34, 0, 1),
        (471, 17, 34, 0, 1),
        (472, 18, 34, 0, 1),
        (473, 19, 34, 0, 1),
        (474, 21, 34, 0, 1),
        (475, 1, 35, 0, 1),
        (476, 5, 35, 0, 1),
        (477, 6, 35, 0, 1),
        (478, 11, 35, 0, 1),
        (479, 20, 35, 0, 1),
        (480, 22, 35, 0, 1),
        (481, 24, 35, 0, 1),
        (482, 25, 35, 0, 1),
        (483, 28, 35, 0, 1),
        (484, 36, 35, 0, 1),
        (485, 37, 35, 0, 1),
        (486, 46, 35, 0, 1),
        (487, 48, 35, 0, 1),
        (488, 1, 36, 1, 1),
        (489, 2, 36, -1, 1),
        (490, 3, 36, 1, 1),
        (491, 5, 36, 1, 1),
        (492, 6, 36, 1, 1),
        (493, 8, 36, 0, 1),
        (494, 10, 36, 1, 1),
        (495, 11, 36, 1, 1),
        (496, 12, 36, 1, 1),
        (497, 25, 36, 1, 1),
        (498, 1, 37, 2, 2),
        (499, 2, 37, 2, 2),
        (500, 3, 37, 2, 2),
        (501, 4, 37, 3, 4),
        (502, 5, 37, 2, 2),
        (503, 6, 37, 3, 4),
        (504, 7, 37, 1, 1),
        (505, 8, 37, 1, 1),
        (506, 9, 37, 1, 1),
        (507, 10, 37, 1, 1),
        (508, 11, 37, 3, 3),
        (509, 12, 37, 2, 2),
        (510, 13, 37, 0, 2),
        (511, 14, 37, 2, 2),
        (512, 15, 37, 3, 4),
        (513, 16, 37, 2, 2),
        (514, 17, 37, 2, 2),
        (515, 18, 37, 0, 2),
        (516, 19, 37, 0, 1),
        (517, 20, 37, 0, 6),
        (518, 21, 37, 0, 3),
        (519, 23, 37, 0, 3),
        (520, 24, 37, 2, 2),
        (521, 25, 37, 0, 2),
        (522, 26, 37, 0, 3),
        (523, 27, 37, 0, 1),
        (524, 28, 37, 0, 1),
        (525, 29, 37, 0, 1);

